:START_ID(Truck), :END_ID(Inhabitant), pickup_date:INT
302,2,304
302,3,305
302,4,306
302,5,307
302,6,308
302,7,309
302,8,310
302,9,311
302,10,312
302,11,313
302,12,314
302,13,315
302,14,316
302,15,317
302,16,318
302,17,319
302,18,320
302,19,321
302,20,322
302,21,323
302,22,324
302,23,325
302,24,326
302,25,327
302,26,328
302,27,329
302,28,330
302,29,331
302,30,332
302,31,333
302,32,334
302,33,335
302,34,336
302,35,337
302,36,338
302,37,339
302,38,340
302,39,341
302,40,342
302,41,343
302,42,344
302,43,345
302,44,346
302,45,347
302,46,348
302,47,349
302,48,350
302,49,351
302,50,352
302,51,353
302,52,354
302,53,355
302,54,356
302,55,357
302,56,358
302,57,359
302,58,360
302,59,361
302,60,362
302,61,363
302,62,364
302,63,365
302,64,366
302,65,367
302,66,368
302,67,369
302,68,370
302,69,371
302,70,372
302,71,373
302,72,374
302,73,375
302,74,376
302,75,377
302,76,378
302,77,379
302,78,380
302,79,381
302,80,382
302,81,383
302,82,384
302,83,385
302,84,386
302,85,387
302,86,388
302,87,389
302,88,390
302,89,391
302,90,392
302,91,393
302,92,394
302,93,395
302,94,396
302,95,397
302,96,398
302,97,399
302,98,400
302,99,401
302,100,402
302,101,403
302,102,404
302,103,405
302,104,406
302,105,407
302,106,408
302,107,409
302,108,410
302,109,411
302,110,412
302,111,413
302,112,414
302,113,415
302,114,416
302,115,417
302,116,418
302,117,419
302,118,420
302,119,421
302,120,422
302,121,423
302,122,424
302,123,425
302,124,426
302,125,427
302,126,428
302,127,429
302,128,430
302,129,431
302,130,432
302,131,433
302,132,434
302,133,435
302,134,436
302,135,437
302,136,438
302,137,439
302,138,440
302,139,441
302,140,442
302,141,443
302,142,444
302,143,445
302,144,446
302,145,447
302,146,448
302,147,449
302,148,450
302,149,451
302,150,452
302,151,453
302,152,454
302,153,455
302,154,456
302,155,457
302,156,458
302,157,459
302,158,460
302,159,461
302,160,462
302,161,463
302,162,464
302,163,465
302,164,466
302,165,467
302,166,468
302,167,469
302,168,470
302,169,471
302,170,472
302,171,473
302,172,474
302,173,475
302,174,476
302,175,477
302,176,478
302,177,479
302,178,480
302,179,481
302,180,482
302,181,483
302,182,484
302,183,485
302,184,486
302,185,487
302,186,488
302,187,489
302,188,490
302,189,491
302,190,492
302,191,493
302,192,494
302,193,495
302,194,496
302,195,497
302,196,498
302,197,499
302,198,500
302,199,501
302,200,502
302,201,503
302,202,504
302,203,505
302,204,506
302,205,507
302,206,508
302,207,509
302,208,510
302,209,511
302,210,512
302,211,513
302,212,514
302,213,515
302,214,516
302,215,517
302,216,518
302,217,519
302,218,520
302,219,521
302,220,522
302,221,523
302,222,524
302,223,525
302,224,526
302,225,527
302,226,528
302,227,529
302,228,530
302,229,531
302,230,532
302,231,533
302,232,534
302,233,535
302,234,536
302,235,537
302,236,538
302,237,539
302,238,540
302,239,541
302,240,542
302,241,543
302,242,544
302,243,545
302,244,546
302,245,547
302,246,548
302,247,549
302,248,550
302,249,551
302,250,552
302,251,553
302,252,554
302,253,555
302,254,556
302,255,557
302,256,558
302,257,559
302,258,560
302,259,561
302,260,562
302,261,563
302,262,564
302,263,565
302,264,566
302,265,567
302,266,568
302,267,569
302,268,570
302,269,571
302,270,572
302,271,573
302,272,574
302,273,575
302,274,576
302,275,577
302,276,578
302,277,579
302,278,580
302,279,581
302,280,582
302,281,583
302,282,584
302,283,585
302,284,586
302,285,587
302,286,588
302,287,589
302,288,590
302,289,591
302,290,592
302,291,593
302,292,594
302,293,595
302,294,596
302,295,597
302,296,598
302,297,599
302,298,600
302,299,601
302,300,602
303,2,305
303,3,306
303,4,307
303,5,308
303,6,309
303,7,310
303,8,311
303,9,312
303,10,313
303,11,314
303,12,315
303,13,316
303,14,317
303,15,318
303,16,319
303,17,320
303,18,321
303,19,322
303,20,323
303,21,324
303,22,325
303,23,326
303,24,327
303,25,328
303,26,329
303,27,330
303,28,331
303,29,332
303,30,333
303,31,334
303,32,335
303,33,336
303,34,337
303,35,338
303,36,339
303,37,340
303,38,341
303,39,342
303,40,343
303,41,344
303,42,345
303,43,346
303,44,347
303,45,348
303,46,349
303,47,350
303,48,351
303,49,352
303,50,353
303,51,354
303,52,355
303,53,356
303,54,357
303,55,358
303,56,359
303,57,360
303,58,361
303,59,362
303,60,363
303,61,364
303,62,365
303,63,366
303,64,367
303,65,368
303,66,369
303,67,370
303,68,371
303,69,372
303,70,373
303,71,374
303,72,375
303,73,376
303,74,377
303,75,378
303,76,379
303,77,380
303,78,381
303,79,382
303,80,383
303,81,384
303,82,385
303,83,386
303,84,387
303,85,388
303,86,389
303,87,390
303,88,391
303,89,392
303,90,393
303,91,394
303,92,395
303,93,396
303,94,397
303,95,398
303,96,399
303,97,400
303,98,401
303,99,402
303,100,403
303,101,404
303,102,405
303,103,406
303,104,407
303,105,408
303,106,409
303,107,410
303,108,411
303,109,412
303,110,413
303,111,414
303,112,415
303,113,416
303,114,417
303,115,418
303,116,419
303,117,420
303,118,421
303,119,422
303,120,423
303,121,424
303,122,425
303,123,426
303,124,427
303,125,428
303,126,429
303,127,430
303,128,431
303,129,432
303,130,433
303,131,434
303,132,435
303,133,436
303,134,437
303,135,438
303,136,439
303,137,440
303,138,441
303,139,442
303,140,443
303,141,444
303,142,445
303,143,446
303,144,447
303,145,448
303,146,449
303,147,450
303,148,451
303,149,452
303,150,453
303,151,454
303,152,455
303,153,456
303,154,457
303,155,458
303,156,459
303,157,460
303,158,461
303,159,462
303,160,463
303,161,464
303,162,465
303,163,466
303,164,467
303,165,468
303,166,469
303,167,470
303,168,471
303,169,472
303,170,473
303,171,474
303,172,475
303,173,476
303,174,477
303,175,478
303,176,479
303,177,480
303,178,481
303,179,482
303,180,483
303,181,484
303,182,485
303,183,486
303,184,487
303,185,488
303,186,489
303,187,490
303,188,491
303,189,492
303,190,493
303,191,494
303,192,495
303,193,496
303,194,497
303,195,498
303,196,499
303,197,500
303,198,501
303,199,502
303,200,503
303,201,504
303,202,505
303,203,506
303,204,507
303,205,508
303,206,509
303,207,510
303,208,511
303,209,512
303,210,513
303,211,514
303,212,515
303,213,516
303,214,517
303,215,518
303,216,519
303,217,520
303,218,521
303,219,522
303,220,523
303,221,524
303,222,525
303,223,526
303,224,527
303,225,528
303,226,529
303,227,530
303,228,531
303,229,532
303,230,533
303,231,534
303,232,535
303,233,536
303,234,537
303,235,538
303,236,539
303,237,540
303,238,541
303,239,542
303,240,543
303,241,544
303,242,545
303,243,546
303,244,547
303,245,548
303,246,549
303,247,550
303,248,551
303,249,552
303,250,553
303,251,554
303,252,555
303,253,556
303,254,557
303,255,558
303,256,559
303,257,560
303,258,561
303,259,562
303,260,563
303,261,564
303,262,565
303,263,566
303,264,567
303,265,568
303,266,569
303,267,570
303,268,571
303,269,572
303,270,573
303,271,574
303,272,575
303,273,576
303,274,577
303,275,578
303,276,579
303,277,580
303,278,581
303,279,582
303,280,583
303,281,584
303,282,585
303,283,586
303,284,587
303,285,588
303,286,589
303,287,590
303,288,591
303,289,592
303,290,593
303,291,594
303,292,595
303,293,596
303,294,597
303,295,598
303,296,599
303,297,600
303,298,601
303,299,602
303,300,603
304,2,306
304,3,307
304,4,308
304,5,309
304,6,310
304,7,311
304,8,312
304,9,313
304,10,314
304,11,315
304,12,316
304,13,317
304,14,318
304,15,319
304,16,320
304,17,321
304,18,322
304,19,323
304,20,324
304,21,325
304,22,326
304,23,327
304,24,328
304,25,329
304,26,330
304,27,331
304,28,332
304,29,333
304,30,334
304,31,335
304,32,336
304,33,337
304,34,338
304,35,339
304,36,340
304,37,341
304,38,342
304,39,343
304,40,344
304,41,345
304,42,346
304,43,347
304,44,348
304,45,349
304,46,350
304,47,351
304,48,352
304,49,353
304,50,354
304,51,355
304,52,356
304,53,357
304,54,358
304,55,359
304,56,360
304,57,361
304,58,362
304,59,363
304,60,364
304,61,365
304,62,366
304,63,367
304,64,368
304,65,369
304,66,370
304,67,371
304,68,372
304,69,373
304,70,374
304,71,375
304,72,376
304,73,377
304,74,378
304,75,379
304,76,380
304,77,381
304,78,382
304,79,383
304,80,384
304,81,385
304,82,386
304,83,387
304,84,388
304,85,389
304,86,390
304,87,391
304,88,392
304,89,393
304,90,394
304,91,395
304,92,396
304,93,397
304,94,398
304,95,399
304,96,400
304,97,401
304,98,402
304,99,403
304,100,404
304,101,405
304,102,406
304,103,407
304,104,408
304,105,409
304,106,410
304,107,411
304,108,412
304,109,413
304,110,414
304,111,415
304,112,416
304,113,417
304,114,418
304,115,419
304,116,420
304,117,421
304,118,422
304,119,423
304,120,424
304,121,425
304,122,426
304,123,427
304,124,428
304,125,429
304,126,430
304,127,431
304,128,432
304,129,433
304,130,434
304,131,435
304,132,436
304,133,437
304,134,438
304,135,439
304,136,440
304,137,441
304,138,442
304,139,443
304,140,444
304,141,445
304,142,446
304,143,447
304,144,448
304,145,449
304,146,450
304,147,451
304,148,452
304,149,453
304,150,454
304,151,455
304,152,456
304,153,457
304,154,458
304,155,459
304,156,460
304,157,461
304,158,462
304,159,463
304,160,464
304,161,465
304,162,466
304,163,467
304,164,468
304,165,469
304,166,470
304,167,471
304,168,472
304,169,473
304,170,474
304,171,475
304,172,476
304,173,477
304,174,478
304,175,479
304,176,480
304,177,481
304,178,482
304,179,483
304,180,484
304,181,485
304,182,486
304,183,487
304,184,488
304,185,489
304,186,490
304,187,491
304,188,492
304,189,493
304,190,494
304,191,495
304,192,496
304,193,497
304,194,498
304,195,499
304,196,500
304,197,501
304,198,502
304,199,503
304,200,504
304,201,505
304,202,506
304,203,507
304,204,508
304,205,509
304,206,510
304,207,511
304,208,512
304,209,513
304,210,514
304,211,515
304,212,516
304,213,517
304,214,518
304,215,519
304,216,520
304,217,521
304,218,522
304,219,523
304,220,524
304,221,525
304,222,526
304,223,527
304,224,528
304,225,529
304,226,530
304,227,531
304,228,532
304,229,533
304,230,534
304,231,535
304,232,536
304,233,537
304,234,538
304,235,539
304,236,540
304,237,541
304,238,542
304,239,543
304,240,544
304,241,545
304,242,546
304,243,547
304,244,548
304,245,549
304,246,550
304,247,551
304,248,552
304,249,553
304,250,554
304,251,555
304,252,556
304,253,557
304,254,558
304,255,559
304,256,560
304,257,561
304,258,562
304,259,563
304,260,564
304,261,565
304,262,566
304,263,567
304,264,568
304,265,569
304,266,570
304,267,571
304,268,572
304,269,573
304,270,574
304,271,575
304,272,576
304,273,577
304,274,578
304,275,579
304,276,580
304,277,581
304,278,582
304,279,583
304,280,584
304,281,585
304,282,586
304,283,587
304,284,588
304,285,589
304,286,590
304,287,591
304,288,592
304,289,593
304,290,594
304,291,595
304,292,596
304,293,597
304,294,598
304,295,599
304,296,600
304,297,601
304,298,602
304,299,603
304,300,604
305,2,307
305,3,308
305,4,309
305,5,310
305,6,311
305,7,312
305,8,313
305,9,314
305,10,315
305,11,316
305,12,317
305,13,318
305,14,319
305,15,320
305,16,321
305,17,322
305,18,323
305,19,324
305,20,325
305,21,326
305,22,327
305,23,328
305,24,329
305,25,330
305,26,331
305,27,332
305,28,333
305,29,334
305,30,335
305,31,336
305,32,337
305,33,338
305,34,339
305,35,340
305,36,341
305,37,342
305,38,343
305,39,344
305,40,345
305,41,346
305,42,347
305,43,348
305,44,349
305,45,350
305,46,351
305,47,352
305,48,353
305,49,354
305,50,355
305,51,356
305,52,357
305,53,358
305,54,359
305,55,360
305,56,361
305,57,362
305,58,363
305,59,364
305,60,365
305,61,366
305,62,367
305,63,368
305,64,369
305,65,370
305,66,371
305,67,372
305,68,373
305,69,374
305,70,375
305,71,376
305,72,377
305,73,378
305,74,379
305,75,380
305,76,381
305,77,382
305,78,383
305,79,384
305,80,385
305,81,386
305,82,387
305,83,388
305,84,389
305,85,390
305,86,391
305,87,392
305,88,393
305,89,394
305,90,395
305,91,396
305,92,397
305,93,398
305,94,399
305,95,400
305,96,401
305,97,402
305,98,403
305,99,404
305,100,405
305,101,406
305,102,407
305,103,408
305,104,409
305,105,410
305,106,411
305,107,412
305,108,413
305,109,414
305,110,415
305,111,416
305,112,417
305,113,418
305,114,419
305,115,420
305,116,421
305,117,422
305,118,423
305,119,424
305,120,425
305,121,426
305,122,427
305,123,428
305,124,429
305,125,430
305,126,431
305,127,432
305,128,433
305,129,434
305,130,435
305,131,436
305,132,437
305,133,438
305,134,439
305,135,440
305,136,441
305,137,442
305,138,443
305,139,444
305,140,445
305,141,446
305,142,447
305,143,448
305,144,449
305,145,450
305,146,451
305,147,452
305,148,453
305,149,454
305,150,455
305,151,456
305,152,457
305,153,458
305,154,459
305,155,460
305,156,461
305,157,462
305,158,463
305,159,464
305,160,465
305,161,466
305,162,467
305,163,468
305,164,469
305,165,470
305,166,471
305,167,472
305,168,473
305,169,474
305,170,475
305,171,476
305,172,477
305,173,478
305,174,479
305,175,480
305,176,481
305,177,482
305,178,483
305,179,484
305,180,485
305,181,486
305,182,487
305,183,488
305,184,489
305,185,490
305,186,491
305,187,492
305,188,493
305,189,494
305,190,495
305,191,496
305,192,497
305,193,498
305,194,499
305,195,500
305,196,501
305,197,502
305,198,503
305,199,504
305,200,505
305,201,506
305,202,507
305,203,508
305,204,509
305,205,510
305,206,511
305,207,512
305,208,513
305,209,514
305,210,515
305,211,516
305,212,517
305,213,518
305,214,519
305,215,520
305,216,521
305,217,522
305,218,523
305,219,524
305,220,525
305,221,526
305,222,527
305,223,528
305,224,529
305,225,530
305,226,531
305,227,532
305,228,533
305,229,534
305,230,535
305,231,536
305,232,537
305,233,538
305,234,539
305,235,540
305,236,541
305,237,542
305,238,543
305,239,544
305,240,545
305,241,546
305,242,547
305,243,548
305,244,549
305,245,550
305,246,551
305,247,552
305,248,553
305,249,554
305,250,555
305,251,556
305,252,557
305,253,558
305,254,559
305,255,560
305,256,561
305,257,562
305,258,563
305,259,564
305,260,565
305,261,566
305,262,567
305,263,568
305,264,569
305,265,570
305,266,571
305,267,572
305,268,573
305,269,574
305,270,575
305,271,576
305,272,577
305,273,578
305,274,579
305,275,580
305,276,581
305,277,582
305,278,583
305,279,584
305,280,585
305,281,586
305,282,587
305,283,588
305,284,589
305,285,590
305,286,591
305,287,592
305,288,593
305,289,594
305,290,595
305,291,596
305,292,597
305,293,598
305,294,599
305,295,600
305,296,601
305,297,602
305,298,603
305,299,604
305,300,605
306,2,308
306,3,309
306,4,310
306,5,311
306,6,312
306,7,313
306,8,314
306,9,315
306,10,316
306,11,317
306,12,318
306,13,319
306,14,320
306,15,321
306,16,322
306,17,323
306,18,324
306,19,325
306,20,326
306,21,327
306,22,328
306,23,329
306,24,330
306,25,331
306,26,332
306,27,333
306,28,334
306,29,335
306,30,336
306,31,337
306,32,338
306,33,339
306,34,340
306,35,341
306,36,342
306,37,343
306,38,344
306,39,345
306,40,346
306,41,347
306,42,348
306,43,349
306,44,350
306,45,351
306,46,352
306,47,353
306,48,354
306,49,355
306,50,356
306,51,357
306,52,358
306,53,359
306,54,360
306,55,361
306,56,362
306,57,363
306,58,364
306,59,365
306,60,366
306,61,367
306,62,368
306,63,369
306,64,370
306,65,371
306,66,372
306,67,373
306,68,374
306,69,375
306,70,376
306,71,377
306,72,378
306,73,379
306,74,380
306,75,381
306,76,382
306,77,383
306,78,384
306,79,385
306,80,386
306,81,387
306,82,388
306,83,389
306,84,390
306,85,391
306,86,392
306,87,393
306,88,394
306,89,395
306,90,396
306,91,397
306,92,398
306,93,399
306,94,400
306,95,401
306,96,402
306,97,403
306,98,404
306,99,405
306,100,406
306,101,407
306,102,408
306,103,409
306,104,410
306,105,411
306,106,412
306,107,413
306,108,414
306,109,415
306,110,416
306,111,417
306,112,418
306,113,419
306,114,420
306,115,421
306,116,422
306,117,423
306,118,424
306,119,425
306,120,426
306,121,427
306,122,428
306,123,429
306,124,430
306,125,431
306,126,432
306,127,433
306,128,434
306,129,435
306,130,436
306,131,437
306,132,438
306,133,439
306,134,440
306,135,441
306,136,442
306,137,443
306,138,444
306,139,445
306,140,446
306,141,447
306,142,448
306,143,449
306,144,450
306,145,451
306,146,452
306,147,453
306,148,454
306,149,455
306,150,456
306,151,457
306,152,458
306,153,459
306,154,460
306,155,461
306,156,462
306,157,463
306,158,464
306,159,465
306,160,466
306,161,467
306,162,468
306,163,469
306,164,470
306,165,471
306,166,472
306,167,473
306,168,474
306,169,475
306,170,476
306,171,477
306,172,478
306,173,479
306,174,480
306,175,481
306,176,482
306,177,483
306,178,484
306,179,485
306,180,486
306,181,487
306,182,488
306,183,489
306,184,490
306,185,491
306,186,492
306,187,493
306,188,494
306,189,495
306,190,496
306,191,497
306,192,498
306,193,499
306,194,500
306,195,501
306,196,502
306,197,503
306,198,504
306,199,505
306,200,506
306,201,507
306,202,508
306,203,509
306,204,510
306,205,511
306,206,512
306,207,513
306,208,514
306,209,515
306,210,516
306,211,517
306,212,518
306,213,519
306,214,520
306,215,521
306,216,522
306,217,523
306,218,524
306,219,525
306,220,526
306,221,527
306,222,528
306,223,529
306,224,530
306,225,531
306,226,532
306,227,533
306,228,534
306,229,535
306,230,536
306,231,537
306,232,538
306,233,539
306,234,540
306,235,541
306,236,542
306,237,543
306,238,544
306,239,545
306,240,546
306,241,547
306,242,548
306,243,549
306,244,550
306,245,551
306,246,552
306,247,553
306,248,554
306,249,555
306,250,556
306,251,557
306,252,558
306,253,559
306,254,560
306,255,561
306,256,562
306,257,563
306,258,564
306,259,565
306,260,566
306,261,567
306,262,568
306,263,569
306,264,570
306,265,571
306,266,572
306,267,573
306,268,574
306,269,575
306,270,576
306,271,577
306,272,578
306,273,579
306,274,580
306,275,581
306,276,582
306,277,583
306,278,584
306,279,585
306,280,586
306,281,587
306,282,588
306,283,589
306,284,590
306,285,591
306,286,592
306,287,593
306,288,594
306,289,595
306,290,596
306,291,597
306,292,598
306,293,599
306,294,600
306,295,601
306,296,602
306,297,603
306,298,604
306,299,605
306,300,606
307,2,309
307,3,310
307,4,311
307,5,312
307,6,313
307,7,314
307,8,315
307,9,316
307,10,317
307,11,318
307,12,319
307,13,320
307,14,321
307,15,322
307,16,323
307,17,324
307,18,325
307,19,326
307,20,327
307,21,328
307,22,329
307,23,330
307,24,331
307,25,332
307,26,333
307,27,334
307,28,335
307,29,336
307,30,337
307,31,338
307,32,339
307,33,340
307,34,341
307,35,342
307,36,343
307,37,344
307,38,345
307,39,346
307,40,347
307,41,348
307,42,349
307,43,350
307,44,351
307,45,352
307,46,353
307,47,354
307,48,355
307,49,356
307,50,357
307,51,358
307,52,359
307,53,360
307,54,361
307,55,362
307,56,363
307,57,364
307,58,365
307,59,366
307,60,367
307,61,368
307,62,369
307,63,370
307,64,371
307,65,372
307,66,373
307,67,374
307,68,375
307,69,376
307,70,377
307,71,378
307,72,379
307,73,380
307,74,381
307,75,382
307,76,383
307,77,384
307,78,385
307,79,386
307,80,387
307,81,388
307,82,389
307,83,390
307,84,391
307,85,392
307,86,393
307,87,394
307,88,395
307,89,396
307,90,397
307,91,398
307,92,399
307,93,400
307,94,401
307,95,402
307,96,403
307,97,404
307,98,405
307,99,406
307,100,407
307,101,408
307,102,409
307,103,410
307,104,411
307,105,412
307,106,413
307,107,414
307,108,415
307,109,416
307,110,417
307,111,418
307,112,419
307,113,420
307,114,421
307,115,422
307,116,423
307,117,424
307,118,425
307,119,426
307,120,427
307,121,428
307,122,429
307,123,430
307,124,431
307,125,432
307,126,433
307,127,434
307,128,435
307,129,436
307,130,437
307,131,438
307,132,439
307,133,440
307,134,441
307,135,442
307,136,443
307,137,444
307,138,445
307,139,446
307,140,447
307,141,448
307,142,449
307,143,450
307,144,451
307,145,452
307,146,453
307,147,454
307,148,455
307,149,456
307,150,457
307,151,458
307,152,459
307,153,460
307,154,461
307,155,462
307,156,463
307,157,464
307,158,465
307,159,466
307,160,467
307,161,468
307,162,469
307,163,470
307,164,471
307,165,472
307,166,473
307,167,474
307,168,475
307,169,476
307,170,477
307,171,478
307,172,479
307,173,480
307,174,481
307,175,482
307,176,483
307,177,484
307,178,485
307,179,486
307,180,487
307,181,488
307,182,489
307,183,490
307,184,491
307,185,492
307,186,493
307,187,494
307,188,495
307,189,496
307,190,497
307,191,498
307,192,499
307,193,500
307,194,501
307,195,502
307,196,503
307,197,504
307,198,505
307,199,506
307,200,507
307,201,508
307,202,509
307,203,510
307,204,511
307,205,512
307,206,513
307,207,514
307,208,515
307,209,516
307,210,517
307,211,518
307,212,519
307,213,520
307,214,521
307,215,522
307,216,523
307,217,524
307,218,525
307,219,526
307,220,527
307,221,528
307,222,529
307,223,530
307,224,531
307,225,532
307,226,533
307,227,534
307,228,535
307,229,536
307,230,537
307,231,538
307,232,539
307,233,540
307,234,541
307,235,542
307,236,543
307,237,544
307,238,545
307,239,546
307,240,547
307,241,548
307,242,549
307,243,550
307,244,551
307,245,552
307,246,553
307,247,554
307,248,555
307,249,556
307,250,557
307,251,558
307,252,559
307,253,560
307,254,561
307,255,562
307,256,563
307,257,564
307,258,565
307,259,566
307,260,567
307,261,568
307,262,569
307,263,570
307,264,571
307,265,572
307,266,573
307,267,574
307,268,575
307,269,576
307,270,577
307,271,578
307,272,579
307,273,580
307,274,581
307,275,582
307,276,583
307,277,584
307,278,585
307,279,586
307,280,587
307,281,588
307,282,589
307,283,590
307,284,591
307,285,592
307,286,593
307,287,594
307,288,595
307,289,596
307,290,597
307,291,598
307,292,599
307,293,600
307,294,601
307,295,602
307,296,603
307,297,604
307,298,605
307,299,606
307,300,607
308,2,310
308,3,311
308,4,312
308,5,313
308,6,314
308,7,315
308,8,316
308,9,317
308,10,318
308,11,319
308,12,320
308,13,321
308,14,322
308,15,323
308,16,324
308,17,325
308,18,326
308,19,327
308,20,328
308,21,329
308,22,330
308,23,331
308,24,332
308,25,333
308,26,334
308,27,335
308,28,336
308,29,337
308,30,338
308,31,339
308,32,340
308,33,341
308,34,342
308,35,343
308,36,344
308,37,345
308,38,346
308,39,347
308,40,348
308,41,349
308,42,350
308,43,351
308,44,352
308,45,353
308,46,354
308,47,355
308,48,356
308,49,357
308,50,358
308,51,359
308,52,360
308,53,361
308,54,362
308,55,363
308,56,364
308,57,365
308,58,366
308,59,367
308,60,368
308,61,369
308,62,370
308,63,371
308,64,372
308,65,373
308,66,374
308,67,375
308,68,376
308,69,377
308,70,378
308,71,379
308,72,380
308,73,381
308,74,382
308,75,383
308,76,384
308,77,385
308,78,386
308,79,387
308,80,388
308,81,389
308,82,390
308,83,391
308,84,392
308,85,393
308,86,394
308,87,395
308,88,396
308,89,397
308,90,398
308,91,399
308,92,400
308,93,401
308,94,402
308,95,403
308,96,404
308,97,405
308,98,406
308,99,407
308,100,408
308,101,409
308,102,410
308,103,411
308,104,412
308,105,413
308,106,414
308,107,415
308,108,416
308,109,417
308,110,418
308,111,419
308,112,420
308,113,421
308,114,422
308,115,423
308,116,424
308,117,425
308,118,426
308,119,427
308,120,428
308,121,429
308,122,430
308,123,431
308,124,432
308,125,433
308,126,434
308,127,435
308,128,436
308,129,437
308,130,438
308,131,439
308,132,440
308,133,441
308,134,442
308,135,443
308,136,444
308,137,445
308,138,446
308,139,447
308,140,448
308,141,449
308,142,450
308,143,451
308,144,452
308,145,453
308,146,454
308,147,455
308,148,456
308,149,457
308,150,458
308,151,459
308,152,460
308,153,461
308,154,462
308,155,463
308,156,464
308,157,465
308,158,466
308,159,467
308,160,468
308,161,469
308,162,470
308,163,471
308,164,472
308,165,473
308,166,474
308,167,475
308,168,476
308,169,477
308,170,478
308,171,479
308,172,480
308,173,481
308,174,482
308,175,483
308,176,484
308,177,485
308,178,486
308,179,487
308,180,488
308,181,489
308,182,490
308,183,491
308,184,492
308,185,493
308,186,494
308,187,495
308,188,496
308,189,497
308,190,498
308,191,499
308,192,500
308,193,501
308,194,502
308,195,503
308,196,504
308,197,505
308,198,506
308,199,507
308,200,508
308,201,509
308,202,510
308,203,511
308,204,512
308,205,513
308,206,514
308,207,515
308,208,516
308,209,517
308,210,518
308,211,519
308,212,520
308,213,521
308,214,522
308,215,523
308,216,524
308,217,525
308,218,526
308,219,527
308,220,528
308,221,529
308,222,530
308,223,531
308,224,532
308,225,533
308,226,534
308,227,535
308,228,536
308,229,537
308,230,538
308,231,539
308,232,540
308,233,541
308,234,542
308,235,543
308,236,544
308,237,545
308,238,546
308,239,547
308,240,548
308,241,549
308,242,550
308,243,551
308,244,552
308,245,553
308,246,554
308,247,555
308,248,556
308,249,557
308,250,558
308,251,559
308,252,560
308,253,561
308,254,562
308,255,563
308,256,564
308,257,565
308,258,566
308,259,567
308,260,568
308,261,569
308,262,570
308,263,571
308,264,572
308,265,573
308,266,574
308,267,575
308,268,576
308,269,577
308,270,578
308,271,579
308,272,580
308,273,581
308,274,582
308,275,583
308,276,584
308,277,585
308,278,586
308,279,587
308,280,588
308,281,589
308,282,590
308,283,591
308,284,592
308,285,593
308,286,594
308,287,595
308,288,596
308,289,597
308,290,598
308,291,599
308,292,600
308,293,601
308,294,602
308,295,603
308,296,604
308,297,605
308,298,606
308,299,607
308,300,608
309,2,311
309,3,312
309,4,313
309,5,314
309,6,315
309,7,316
309,8,317
309,9,318
309,10,319
309,11,320
309,12,321
309,13,322
309,14,323
309,15,324
309,16,325
309,17,326
309,18,327
309,19,328
309,20,329
309,21,330
309,22,331
309,23,332
309,24,333
309,25,334
309,26,335
309,27,336
309,28,337
309,29,338
309,30,339
309,31,340
309,32,341
309,33,342
309,34,343
309,35,344
309,36,345
309,37,346
309,38,347
309,39,348
309,40,349
309,41,350
309,42,351
309,43,352
309,44,353
309,45,354
309,46,355
309,47,356
309,48,357
309,49,358
309,50,359
309,51,360
309,52,361
309,53,362
309,54,363
309,55,364
309,56,365
309,57,366
309,58,367
309,59,368
309,60,369
309,61,370
309,62,371
309,63,372
309,64,373
309,65,374
309,66,375
309,67,376
309,68,377
309,69,378
309,70,379
309,71,380
309,72,381
309,73,382
309,74,383
309,75,384
309,76,385
309,77,386
309,78,387
309,79,388
309,80,389
309,81,390
309,82,391
309,83,392
309,84,393
309,85,394
309,86,395
309,87,396
309,88,397
309,89,398
309,90,399
309,91,400
309,92,401
309,93,402
309,94,403
309,95,404
309,96,405
309,97,406
309,98,407
309,99,408
309,100,409
309,101,410
309,102,411
309,103,412
309,104,413
309,105,414
309,106,415
309,107,416
309,108,417
309,109,418
309,110,419
309,111,420
309,112,421
309,113,422
309,114,423
309,115,424
309,116,425
309,117,426
309,118,427
309,119,428
309,120,429
309,121,430
309,122,431
309,123,432
309,124,433
309,125,434
309,126,435
309,127,436
309,128,437
309,129,438
309,130,439
309,131,440
309,132,441
309,133,442
309,134,443
309,135,444
309,136,445
309,137,446
309,138,447
309,139,448
309,140,449
309,141,450
309,142,451
309,143,452
309,144,453
309,145,454
309,146,455
309,147,456
309,148,457
309,149,458
309,150,459
309,151,460
309,152,461
309,153,462
309,154,463
309,155,464
309,156,465
309,157,466
309,158,467
309,159,468
309,160,469
309,161,470
309,162,471
309,163,472
309,164,473
309,165,474
309,166,475
309,167,476
309,168,477
309,169,478
309,170,479
309,171,480
309,172,481
309,173,482
309,174,483
309,175,484
309,176,485
309,177,486
309,178,487
309,179,488
309,180,489
309,181,490
309,182,491
309,183,492
309,184,493
309,185,494
309,186,495
309,187,496
309,188,497
309,189,498
309,190,499
309,191,500
309,192,501
309,193,502
309,194,503
309,195,504
309,196,505
309,197,506
309,198,507
309,199,508
309,200,509
309,201,510
309,202,511
309,203,512
309,204,513
309,205,514
309,206,515
309,207,516
309,208,517
309,209,518
309,210,519
309,211,520
309,212,521
309,213,522
309,214,523
309,215,524
309,216,525
309,217,526
309,218,527
309,219,528
309,220,529
309,221,530
309,222,531
309,223,532
309,224,533
309,225,534
309,226,535
309,227,536
309,228,537
309,229,538
309,230,539
309,231,540
309,232,541
309,233,542
309,234,543
309,235,544
309,236,545
309,237,546
309,238,547
309,239,548
309,240,549
309,241,550
309,242,551
309,243,552
309,244,553
309,245,554
309,246,555
309,247,556
309,248,557
309,249,558
309,250,559
309,251,560
309,252,561
309,253,562
309,254,563
309,255,564
309,256,565
309,257,566
309,258,567
309,259,568
309,260,569
309,261,570
309,262,571
309,263,572
309,264,573
309,265,574
309,266,575
309,267,576
309,268,577
309,269,578
309,270,579
309,271,580
309,272,581
309,273,582
309,274,583
309,275,584
309,276,585
309,277,586
309,278,587
309,279,588
309,280,589
309,281,590
309,282,591
309,283,592
309,284,593
309,285,594
309,286,595
309,287,596
309,288,597
309,289,598
309,290,599
309,291,600
309,292,601
309,293,602
309,294,603
309,295,604
309,296,605
309,297,606
309,298,607
309,299,608
309,300,609
310,2,312
310,3,313
310,4,314
310,5,315
310,6,316
310,7,317
310,8,318
310,9,319
310,10,320
310,11,321
310,12,322
310,13,323
310,14,324
310,15,325
310,16,326
310,17,327
310,18,328
310,19,329
310,20,330
310,21,331
310,22,332
310,23,333
310,24,334
310,25,335
310,26,336
310,27,337
310,28,338
310,29,339
310,30,340
310,31,341
310,32,342
310,33,343
310,34,344
310,35,345
310,36,346
310,37,347
310,38,348
310,39,349
310,40,350
310,41,351
310,42,352
310,43,353
310,44,354
310,45,355
310,46,356
310,47,357
310,48,358
310,49,359
310,50,360
310,51,361
310,52,362
310,53,363
310,54,364
310,55,365
310,56,366
310,57,367
310,58,368
310,59,369
310,60,370
310,61,371
310,62,372
310,63,373
310,64,374
310,65,375
310,66,376
310,67,377
310,68,378
310,69,379
310,70,380
310,71,381
310,72,382
310,73,383
310,74,384
310,75,385
310,76,386
310,77,387
310,78,388
310,79,389
310,80,390
310,81,391
310,82,392
310,83,393
310,84,394
310,85,395
310,86,396
310,87,397
310,88,398
310,89,399
310,90,400
310,91,401
310,92,402
310,93,403
310,94,404
310,95,405
310,96,406
310,97,407
310,98,408
310,99,409
310,100,410
310,101,411
310,102,412
310,103,413
310,104,414
310,105,415
310,106,416
310,107,417
310,108,418
310,109,419
310,110,420
310,111,421
310,112,422
310,113,423
310,114,424
310,115,425
310,116,426
310,117,427
310,118,428
310,119,429
310,120,430
310,121,431
310,122,432
310,123,433
310,124,434
310,125,435
310,126,436
310,127,437
310,128,438
310,129,439
310,130,440
310,131,441
310,132,442
310,133,443
310,134,444
310,135,445
310,136,446
310,137,447
310,138,448
310,139,449
310,140,450
310,141,451
310,142,452
310,143,453
310,144,454
310,145,455
310,146,456
310,147,457
310,148,458
310,149,459
310,150,460
310,151,461
310,152,462
310,153,463
310,154,464
310,155,465
310,156,466
310,157,467
310,158,468
310,159,469
310,160,470
310,161,471
310,162,472
310,163,473
310,164,474
310,165,475
310,166,476
310,167,477
310,168,478
310,169,479
310,170,480
310,171,481
310,172,482
310,173,483
310,174,484
310,175,485
310,176,486
310,177,487
310,178,488
310,179,489
310,180,490
310,181,491
310,182,492
310,183,493
310,184,494
310,185,495
310,186,496
310,187,497
310,188,498
310,189,499
310,190,500
310,191,501
310,192,502
310,193,503
310,194,504
310,195,505
310,196,506
310,197,507
310,198,508
310,199,509
310,200,510
310,201,511
310,202,512
310,203,513
310,204,514
310,205,515
310,206,516
310,207,517
310,208,518
310,209,519
310,210,520
310,211,521
310,212,522
310,213,523
310,214,524
310,215,525
310,216,526
310,217,527
310,218,528
310,219,529
310,220,530
310,221,531
310,222,532
310,223,533
310,224,534
310,225,535
310,226,536
310,227,537
310,228,538
310,229,539
310,230,540
310,231,541
310,232,542
310,233,543
310,234,544
310,235,545
310,236,546
310,237,547
310,238,548
310,239,549
310,240,550
310,241,551
310,242,552
310,243,553
310,244,554
310,245,555
310,246,556
310,247,557
310,248,558
310,249,559
310,250,560
310,251,561
310,252,562
310,253,563
310,254,564
310,255,565
310,256,566
310,257,567
310,258,568
310,259,569
310,260,570
310,261,571
310,262,572
310,263,573
310,264,574
310,265,575
310,266,576
310,267,577
310,268,578
310,269,579
310,270,580
310,271,581
310,272,582
310,273,583
310,274,584
310,275,585
310,276,586
310,277,587
310,278,588
310,279,589
310,280,590
310,281,591
310,282,592
310,283,593
310,284,594
310,285,595
310,286,596
310,287,597
310,288,598
310,289,599
310,290,600
310,291,601
310,292,602
310,293,603
310,294,604
310,295,605
310,296,606
310,297,607
310,298,608
310,299,609
310,300,610
311,2,313
311,3,314
311,4,315
311,5,316
311,6,317
311,7,318
311,8,319
311,9,320
311,10,321
311,11,322
311,12,323
311,13,324
311,14,325
311,15,326
311,16,327
311,17,328
311,18,329
311,19,330
311,20,331
311,21,332
311,22,333
311,23,334
311,24,335
311,25,336
311,26,337
311,27,338
311,28,339
311,29,340
311,30,341
311,31,342
311,32,343
311,33,344
311,34,345
311,35,346
311,36,347
311,37,348
311,38,349
311,39,350
311,40,351
311,41,352
311,42,353
311,43,354
311,44,355
311,45,356
311,46,357
311,47,358
311,48,359
311,49,360
311,50,361
311,51,362
311,52,363
311,53,364
311,54,365
311,55,366
311,56,367
311,57,368
311,58,369
311,59,370
311,60,371
311,61,372
311,62,373
311,63,374
311,64,375
311,65,376
311,66,377
311,67,378
311,68,379
311,69,380
311,70,381
311,71,382
311,72,383
311,73,384
311,74,385
311,75,386
311,76,387
311,77,388
311,78,389
311,79,390
311,80,391
311,81,392
311,82,393
311,83,394
311,84,395
311,85,396
311,86,397
311,87,398
311,88,399
311,89,400
311,90,401
311,91,402
311,92,403
311,93,404
311,94,405
311,95,406
311,96,407
311,97,408
311,98,409
311,99,410
311,100,411
311,101,412
311,102,413
311,103,414
311,104,415
311,105,416
311,106,417
311,107,418
311,108,419
311,109,420
311,110,421
311,111,422
311,112,423
311,113,424
311,114,425
311,115,426
311,116,427
311,117,428
311,118,429
311,119,430
311,120,431
311,121,432
311,122,433
311,123,434
311,124,435
311,125,436
311,126,437
311,127,438
311,128,439
311,129,440
311,130,441
311,131,442
311,132,443
311,133,444
311,134,445
311,135,446
311,136,447
311,137,448
311,138,449
311,139,450
311,140,451
311,141,452
311,142,453
311,143,454
311,144,455
311,145,456
311,146,457
311,147,458
311,148,459
311,149,460
311,150,461
311,151,462
311,152,463
311,153,464
311,154,465
311,155,466
311,156,467
311,157,468
311,158,469
311,159,470
311,160,471
311,161,472
311,162,473
311,163,474
311,164,475
311,165,476
311,166,477
311,167,478
311,168,479
311,169,480
311,170,481
311,171,482
311,172,483
311,173,484
311,174,485
311,175,486
311,176,487
311,177,488
311,178,489
311,179,490
311,180,491
311,181,492
311,182,493
311,183,494
311,184,495
311,185,496
311,186,497
311,187,498
311,188,499
311,189,500
311,190,501
311,191,502
311,192,503
311,193,504
311,194,505
311,195,506
311,196,507
311,197,508
311,198,509
311,199,510
311,200,511
311,201,512
311,202,513
311,203,514
311,204,515
311,205,516
311,206,517
311,207,518
311,208,519
311,209,520
311,210,521
311,211,522
311,212,523
311,213,524
311,214,525
311,215,526
311,216,527
311,217,528
311,218,529
311,219,530
311,220,531
311,221,532
311,222,533
311,223,534
311,224,535
311,225,536
311,226,537
311,227,538
311,228,539
311,229,540
311,230,541
311,231,542
311,232,543
311,233,544
311,234,545
311,235,546
311,236,547
311,237,548
311,238,549
311,239,550
311,240,551
311,241,552
311,242,553
311,243,554
311,244,555
311,245,556
311,246,557
311,247,558
311,248,559
311,249,560
311,250,561
311,251,562
311,252,563
311,253,564
311,254,565
311,255,566
311,256,567
311,257,568
311,258,569
311,259,570
311,260,571
311,261,572
311,262,573
311,263,574
311,264,575
311,265,576
311,266,577
311,267,578
311,268,579
311,269,580
311,270,581
311,271,582
311,272,583
311,273,584
311,274,585
311,275,586
311,276,587
311,277,588
311,278,589
311,279,590
311,280,591
311,281,592
311,282,593
311,283,594
311,284,595
311,285,596
311,286,597
311,287,598
311,288,599
311,289,600
311,290,601
311,291,602
311,292,603
311,293,604
311,294,605
311,295,606
311,296,607
311,297,608
311,298,609
311,299,610
311,300,611
312,2,314
312,3,315
312,4,316
312,5,317
312,6,318
312,7,319
312,8,320
312,9,321
312,10,322
312,11,323
312,12,324
312,13,325
312,14,326
312,15,327
312,16,328
312,17,329
312,18,330
312,19,331
312,20,332
312,21,333
312,22,334
312,23,335
312,24,336
312,25,337
312,26,338
312,27,339
312,28,340
312,29,341
312,30,342
312,31,343
312,32,344
312,33,345
312,34,346
312,35,347
312,36,348
312,37,349
312,38,350
312,39,351
312,40,352
312,41,353
312,42,354
312,43,355
312,44,356
312,45,357
312,46,358
312,47,359
312,48,360
312,49,361
312,50,362
312,51,363
312,52,364
312,53,365
312,54,366
312,55,367
312,56,368
312,57,369
312,58,370
312,59,371
312,60,372
312,61,373
312,62,374
312,63,375
312,64,376
312,65,377
312,66,378
312,67,379
312,68,380
312,69,381
312,70,382
312,71,383
312,72,384
312,73,385
312,74,386
312,75,387
312,76,388
312,77,389
312,78,390
312,79,391
312,80,392
312,81,393
312,82,394
312,83,395
312,84,396
312,85,397
312,86,398
312,87,399
312,88,400
312,89,401
312,90,402
312,91,403
312,92,404
312,93,405
312,94,406
312,95,407
312,96,408
312,97,409
312,98,410
312,99,411
312,100,412
312,101,413
312,102,414
312,103,415
312,104,416
312,105,417
312,106,418
312,107,419
312,108,420
312,109,421
312,110,422
312,111,423
312,112,424
312,113,425
312,114,426
312,115,427
312,116,428
312,117,429
312,118,430
312,119,431
312,120,432
312,121,433
312,122,434
312,123,435
312,124,436
312,125,437
312,126,438
312,127,439
312,128,440
312,129,441
312,130,442
312,131,443
312,132,444
312,133,445
312,134,446
312,135,447
312,136,448
312,137,449
312,138,450
312,139,451
312,140,452
312,141,453
312,142,454
312,143,455
312,144,456
312,145,457
312,146,458
312,147,459
312,148,460
312,149,461
312,150,462
312,151,463
312,152,464
312,153,465
312,154,466
312,155,467
312,156,468
312,157,469
312,158,470
312,159,471
312,160,472
312,161,473
312,162,474
312,163,475
312,164,476
312,165,477
312,166,478
312,167,479
312,168,480
312,169,481
312,170,482
312,171,483
312,172,484
312,173,485
312,174,486
312,175,487
312,176,488
312,177,489
312,178,490
312,179,491
312,180,492
312,181,493
312,182,494
312,183,495
312,184,496
312,185,497
312,186,498
312,187,499
312,188,500
312,189,501
312,190,502
312,191,503
312,192,504
312,193,505
312,194,506
312,195,507
312,196,508
312,197,509
312,198,510
312,199,511
312,200,512
312,201,513
312,202,514
312,203,515
312,204,516
312,205,517
312,206,518
312,207,519
312,208,520
312,209,521
312,210,522
312,211,523
312,212,524
312,213,525
312,214,526
312,215,527
312,216,528
312,217,529
312,218,530
312,219,531
312,220,532
312,221,533
312,222,534
312,223,535
312,224,536
312,225,537
312,226,538
312,227,539
312,228,540
312,229,541
312,230,542
312,231,543
312,232,544
312,233,545
312,234,546
312,235,547
312,236,548
312,237,549
312,238,550
312,239,551
312,240,552
312,241,553
312,242,554
312,243,555
312,244,556
312,245,557
312,246,558
312,247,559
312,248,560
312,249,561
312,250,562
312,251,563
312,252,564
312,253,565
312,254,566
312,255,567
312,256,568
312,257,569
312,258,570
312,259,571
312,260,572
312,261,573
312,262,574
312,263,575
312,264,576
312,265,577
312,266,578
312,267,579
312,268,580
312,269,581
312,270,582
312,271,583
312,272,584
312,273,585
312,274,586
312,275,587
312,276,588
312,277,589
312,278,590
312,279,591
312,280,592
312,281,593
312,282,594
312,283,595
312,284,596
312,285,597
312,286,598
312,287,599
312,288,600
312,289,601
312,290,602
312,291,603
312,292,604
312,293,605
312,294,606
312,295,607
312,296,608
312,297,609
312,298,610
312,299,611
312,300,612
313,2,315
313,3,316
313,4,317
313,5,318
313,6,319
313,7,320
313,8,321
313,9,322
313,10,323
313,11,324
313,12,325
313,13,326
313,14,327
313,15,328
313,16,329
313,17,330
313,18,331
313,19,332
313,20,333
313,21,334
313,22,335
313,23,336
313,24,337
313,25,338
313,26,339
313,27,340
313,28,341
313,29,342
313,30,343
313,31,344
313,32,345
313,33,346
313,34,347
313,35,348
313,36,349
313,37,350
313,38,351
313,39,352
313,40,353
313,41,354
313,42,355
313,43,356
313,44,357
313,45,358
313,46,359
313,47,360
313,48,361
313,49,362
313,50,363
313,51,364
313,52,365
313,53,366
313,54,367
313,55,368
313,56,369
313,57,370
313,58,371
313,59,372
313,60,373
313,61,374
313,62,375
313,63,376
313,64,377
313,65,378
313,66,379
313,67,380
313,68,381
313,69,382
313,70,383
313,71,384
313,72,385
313,73,386
313,74,387
313,75,388
313,76,389
313,77,390
313,78,391
313,79,392
313,80,393
313,81,394
313,82,395
313,83,396
313,84,397
313,85,398
313,86,399
313,87,400
313,88,401
313,89,402
313,90,403
313,91,404
313,92,405
313,93,406
313,94,407
313,95,408
313,96,409
313,97,410
313,98,411
313,99,412
313,100,413
313,101,414
313,102,415
313,103,416
313,104,417
313,105,418
313,106,419
313,107,420
313,108,421
313,109,422
313,110,423
313,111,424
313,112,425
313,113,426
313,114,427
313,115,428
313,116,429
313,117,430
313,118,431
313,119,432
313,120,433
313,121,434
313,122,435
313,123,436
313,124,437
313,125,438
313,126,439
313,127,440
313,128,441
313,129,442
313,130,443
313,131,444
313,132,445
313,133,446
313,134,447
313,135,448
313,136,449
313,137,450
313,138,451
313,139,452
313,140,453
313,141,454
313,142,455
313,143,456
313,144,457
313,145,458
313,146,459
313,147,460
313,148,461
313,149,462
313,150,463
313,151,464
313,152,465
313,153,466
313,154,467
313,155,468
313,156,469
313,157,470
313,158,471
313,159,472
313,160,473
313,161,474
313,162,475
313,163,476
313,164,477
313,165,478
313,166,479
313,167,480
313,168,481
313,169,482
313,170,483
313,171,484
313,172,485
313,173,486
313,174,487
313,175,488
313,176,489
313,177,490
313,178,491
313,179,492
313,180,493
313,181,494
313,182,495
313,183,496
313,184,497
313,185,498
313,186,499
313,187,500
313,188,501
313,189,502
313,190,503
313,191,504
313,192,505
313,193,506
313,194,507
313,195,508
313,196,509
313,197,510
313,198,511
313,199,512
313,200,513
313,201,514
313,202,515
313,203,516
313,204,517
313,205,518
313,206,519
313,207,520
313,208,521
313,209,522
313,210,523
313,211,524
313,212,525
313,213,526
313,214,527
313,215,528
313,216,529
313,217,530
313,218,531
313,219,532
313,220,533
313,221,534
313,222,535
313,223,536
313,224,537
313,225,538
313,226,539
313,227,540
313,228,541
313,229,542
313,230,543
313,231,544
313,232,545
313,233,546
313,234,547
313,235,548
313,236,549
313,237,550
313,238,551
313,239,552
313,240,553
313,241,554
313,242,555
313,243,556
313,244,557
313,245,558
313,246,559
313,247,560
313,248,561
313,249,562
313,250,563
313,251,564
313,252,565
313,253,566
313,254,567
313,255,568
313,256,569
313,257,570
313,258,571
313,259,572
313,260,573
313,261,574
313,262,575
313,263,576
313,264,577
313,265,578
313,266,579
313,267,580
313,268,581
313,269,582
313,270,583
313,271,584
313,272,585
313,273,586
313,274,587
313,275,588
313,276,589
313,277,590
313,278,591
313,279,592
313,280,593
313,281,594
313,282,595
313,283,596
313,284,597
313,285,598
313,286,599
313,287,600
313,288,601
313,289,602
313,290,603
313,291,604
313,292,605
313,293,606
313,294,607
313,295,608
313,296,609
313,297,610
313,298,611
313,299,612
313,300,613
314,2,316
314,3,317
314,4,318
314,5,319
314,6,320
314,7,321
314,8,322
314,9,323
314,10,324
314,11,325
314,12,326
314,13,327
314,14,328
314,15,329
314,16,330
314,17,331
314,18,332
314,19,333
314,20,334
314,21,335
314,22,336
314,23,337
314,24,338
314,25,339
314,26,340
314,27,341
314,28,342
314,29,343
314,30,344
314,31,345
314,32,346
314,33,347
314,34,348
314,35,349
314,36,350
314,37,351
314,38,352
314,39,353
314,40,354
314,41,355
314,42,356
314,43,357
314,44,358
314,45,359
314,46,360
314,47,361
314,48,362
314,49,363
314,50,364
314,51,365
314,52,366
314,53,367
314,54,368
314,55,369
314,56,370
314,57,371
314,58,372
314,59,373
314,60,374
314,61,375
314,62,376
314,63,377
314,64,378
314,65,379
314,66,380
314,67,381
314,68,382
314,69,383
314,70,384
314,71,385
314,72,386
314,73,387
314,74,388
314,75,389
314,76,390
314,77,391
314,78,392
314,79,393
314,80,394
314,81,395
314,82,396
314,83,397
314,84,398
314,85,399
314,86,400
314,87,401
314,88,402
314,89,403
314,90,404
314,91,405
314,92,406
314,93,407
314,94,408
314,95,409
314,96,410
314,97,411
314,98,412
314,99,413
314,100,414
314,101,415
314,102,416
314,103,417
314,104,418
314,105,419
314,106,420
314,107,421
314,108,422
314,109,423
314,110,424
314,111,425
314,112,426
314,113,427
314,114,428
314,115,429
314,116,430
314,117,431
314,118,432
314,119,433
314,120,434
314,121,435
314,122,436
314,123,437
314,124,438
314,125,439
314,126,440
314,127,441
314,128,442
314,129,443
314,130,444
314,131,445
314,132,446
314,133,447
314,134,448
314,135,449
314,136,450
314,137,451
314,138,452
314,139,453
314,140,454
314,141,455
314,142,456
314,143,457
314,144,458
314,145,459
314,146,460
314,147,461
314,148,462
314,149,463
314,150,464
314,151,465
314,152,466
314,153,467
314,154,468
314,155,469
314,156,470
314,157,471
314,158,472
314,159,473
314,160,474
314,161,475
314,162,476
314,163,477
314,164,478
314,165,479
314,166,480
314,167,481
314,168,482
314,169,483
314,170,484
314,171,485
314,172,486
314,173,487
314,174,488
314,175,489
314,176,490
314,177,491
314,178,492
314,179,493
314,180,494
314,181,495
314,182,496
314,183,497
314,184,498
314,185,499
314,186,500
314,187,501
314,188,502
314,189,503
314,190,504
314,191,505
314,192,506
314,193,507
314,194,508
314,195,509
314,196,510
314,197,511
314,198,512
314,199,513
314,200,514
314,201,515
314,202,516
314,203,517
314,204,518
314,205,519
314,206,520
314,207,521
314,208,522
314,209,523
314,210,524
314,211,525
314,212,526
314,213,527
314,214,528
314,215,529
314,216,530
314,217,531
314,218,532
314,219,533
314,220,534
314,221,535
314,222,536
314,223,537
314,224,538
314,225,539
314,226,540
314,227,541
314,228,542
314,229,543
314,230,544
314,231,545
314,232,546
314,233,547
314,234,548
314,235,549
314,236,550
314,237,551
314,238,552
314,239,553
314,240,554
314,241,555
314,242,556
314,243,557
314,244,558
314,245,559
314,246,560
314,247,561
314,248,562
314,249,563
314,250,564
314,251,565
314,252,566
314,253,567
314,254,568
314,255,569
314,256,570
314,257,571
314,258,572
314,259,573
314,260,574
314,261,575
314,262,576
314,263,577
314,264,578
314,265,579
314,266,580
314,267,581
314,268,582
314,269,583
314,270,584
314,271,585
314,272,586
314,273,587
314,274,588
314,275,589
314,276,590
314,277,591
314,278,592
314,279,593
314,280,594
314,281,595
314,282,596
314,283,597
314,284,598
314,285,599
314,286,600
314,287,601
314,288,602
314,289,603
314,290,604
314,291,605
314,292,606
314,293,607
314,294,608
314,295,609
314,296,610
314,297,611
314,298,612
314,299,613
314,300,614
315,2,317
315,3,318
315,4,319
315,5,320
315,6,321
315,7,322
315,8,323
315,9,324
315,10,325
315,11,326
315,12,327
315,13,328
315,14,329
315,15,330
315,16,331
315,17,332
315,18,333
315,19,334
315,20,335
315,21,336
315,22,337
315,23,338
315,24,339
315,25,340
315,26,341
315,27,342
315,28,343
315,29,344
315,30,345
315,31,346
315,32,347
315,33,348
315,34,349
315,35,350
315,36,351
315,37,352
315,38,353
315,39,354
315,40,355
315,41,356
315,42,357
315,43,358
315,44,359
315,45,360
315,46,361
315,47,362
315,48,363
315,49,364
315,50,365
315,51,366
315,52,367
315,53,368
315,54,369
315,55,370
315,56,371
315,57,372
315,58,373
315,59,374
315,60,375
315,61,376
315,62,377
315,63,378
315,64,379
315,65,380
315,66,381
315,67,382
315,68,383
315,69,384
315,70,385
315,71,386
315,72,387
315,73,388
315,74,389
315,75,390
315,76,391
315,77,392
315,78,393
315,79,394
315,80,395
315,81,396
315,82,397
315,83,398
315,84,399
315,85,400
315,86,401
315,87,402
315,88,403
315,89,404
315,90,405
315,91,406
315,92,407
315,93,408
315,94,409
315,95,410
315,96,411
315,97,412
315,98,413
315,99,414
315,100,415
315,101,416
315,102,417
315,103,418
315,104,419
315,105,420
315,106,421
315,107,422
315,108,423
315,109,424
315,110,425
315,111,426
315,112,427
315,113,428
315,114,429
315,115,430
315,116,431
315,117,432
315,118,433
315,119,434
315,120,435
315,121,436
315,122,437
315,123,438
315,124,439
315,125,440
315,126,441
315,127,442
315,128,443
315,129,444
315,130,445
315,131,446
315,132,447
315,133,448
315,134,449
315,135,450
315,136,451
315,137,452
315,138,453
315,139,454
315,140,455
315,141,456
315,142,457
315,143,458
315,144,459
315,145,460
315,146,461
315,147,462
315,148,463
315,149,464
315,150,465
315,151,466
315,152,467
315,153,468
315,154,469
315,155,470
315,156,471
315,157,472
315,158,473
315,159,474
315,160,475
315,161,476
315,162,477
315,163,478
315,164,479
315,165,480
315,166,481
315,167,482
315,168,483
315,169,484
315,170,485
315,171,486
315,172,487
315,173,488
315,174,489
315,175,490
315,176,491
315,177,492
315,178,493
315,179,494
315,180,495
315,181,496
315,182,497
315,183,498
315,184,499
315,185,500
315,186,501
315,187,502
315,188,503
315,189,504
315,190,505
315,191,506
315,192,507
315,193,508
315,194,509
315,195,510
315,196,511
315,197,512
315,198,513
315,199,514
315,200,515
315,201,516
315,202,517
315,203,518
315,204,519
315,205,520
315,206,521
315,207,522
315,208,523
315,209,524
315,210,525
315,211,526
315,212,527
315,213,528
315,214,529
315,215,530
315,216,531
315,217,532
315,218,533
315,219,534
315,220,535
315,221,536
315,222,537
315,223,538
315,224,539
315,225,540
315,226,541
315,227,542
315,228,543
315,229,544
315,230,545
315,231,546
315,232,547
315,233,548
315,234,549
315,235,550
315,236,551
315,237,552
315,238,553
315,239,554
315,240,555
315,241,556
315,242,557
315,243,558
315,244,559
315,245,560
315,246,561
315,247,562
315,248,563
315,249,564
315,250,565
315,251,566
315,252,567
315,253,568
315,254,569
315,255,570
315,256,571
315,257,572
315,258,573
315,259,574
315,260,575
315,261,576
315,262,577
315,263,578
315,264,579
315,265,580
315,266,581
315,267,582
315,268,583
315,269,584
315,270,585
315,271,586
315,272,587
315,273,588
315,274,589
315,275,590
315,276,591
315,277,592
315,278,593
315,279,594
315,280,595
315,281,596
315,282,597
315,283,598
315,284,599
315,285,600
315,286,601
315,287,602
315,288,603
315,289,604
315,290,605
315,291,606
315,292,607
315,293,608
315,294,609
315,295,610
315,296,611
315,297,612
315,298,613
315,299,614
315,300,615
316,2,318
316,3,319
316,4,320
316,5,321
316,6,322
316,7,323
316,8,324
316,9,325
316,10,326
316,11,327
316,12,328
316,13,329
316,14,330
316,15,331
316,16,332
316,17,333
316,18,334
316,19,335
316,20,336
316,21,337
316,22,338
316,23,339
316,24,340
316,25,341
316,26,342
316,27,343
316,28,344
316,29,345
316,30,346
316,31,347
316,32,348
316,33,349
316,34,350
316,35,351
316,36,352
316,37,353
316,38,354
316,39,355
316,40,356
316,41,357
316,42,358
316,43,359
316,44,360
316,45,361
316,46,362
316,47,363
316,48,364
316,49,365
316,50,366
316,51,367
316,52,368
316,53,369
316,54,370
316,55,371
316,56,372
316,57,373
316,58,374
316,59,375
316,60,376
316,61,377
316,62,378
316,63,379
316,64,380
316,65,381
316,66,382
316,67,383
316,68,384
316,69,385
316,70,386
316,71,387
316,72,388
316,73,389
316,74,390
316,75,391
316,76,392
316,77,393
316,78,394
316,79,395
316,80,396
316,81,397
316,82,398
316,83,399
316,84,400
316,85,401
316,86,402
316,87,403
316,88,404
316,89,405
316,90,406
316,91,407
316,92,408
316,93,409
316,94,410
316,95,411
316,96,412
316,97,413
316,98,414
316,99,415
316,100,416
316,101,417
316,102,418
316,103,419
316,104,420
316,105,421
316,106,422
316,107,423
316,108,424
316,109,425
316,110,426
316,111,427
316,112,428
316,113,429
316,114,430
316,115,431
316,116,432
316,117,433
316,118,434
316,119,435
316,120,436
316,121,437
316,122,438
316,123,439
316,124,440
316,125,441
316,126,442
316,127,443
316,128,444
316,129,445
316,130,446
316,131,447
316,132,448
316,133,449
316,134,450
316,135,451
316,136,452
316,137,453
316,138,454
316,139,455
316,140,456
316,141,457
316,142,458
316,143,459
316,144,460
316,145,461
316,146,462
316,147,463
316,148,464
316,149,465
316,150,466
316,151,467
316,152,468
316,153,469
316,154,470
316,155,471
316,156,472
316,157,473
316,158,474
316,159,475
316,160,476
316,161,477
316,162,478
316,163,479
316,164,480
316,165,481
316,166,482
316,167,483
316,168,484
316,169,485
316,170,486
316,171,487
316,172,488
316,173,489
316,174,490
316,175,491
316,176,492
316,177,493
316,178,494
316,179,495
316,180,496
316,181,497
316,182,498
316,183,499
316,184,500
316,185,501
316,186,502
316,187,503
316,188,504
316,189,505
316,190,506
316,191,507
316,192,508
316,193,509
316,194,510
316,195,511
316,196,512
316,197,513
316,198,514
316,199,515
316,200,516
316,201,517
316,202,518
316,203,519
316,204,520
316,205,521
316,206,522
316,207,523
316,208,524
316,209,525
316,210,526
316,211,527
316,212,528
316,213,529
316,214,530
316,215,531
316,216,532
316,217,533
316,218,534
316,219,535
316,220,536
316,221,537
316,222,538
316,223,539
316,224,540
316,225,541
316,226,542
316,227,543
316,228,544
316,229,545
316,230,546
316,231,547
316,232,548
316,233,549
316,234,550
316,235,551
316,236,552
316,237,553
316,238,554
316,239,555
316,240,556
316,241,557
316,242,558
316,243,559
316,244,560
316,245,561
316,246,562
316,247,563
316,248,564
316,249,565
316,250,566
316,251,567
316,252,568
316,253,569
316,254,570
316,255,571
316,256,572
316,257,573
316,258,574
316,259,575
316,260,576
316,261,577
316,262,578
316,263,579
316,264,580
316,265,581
316,266,582
316,267,583
316,268,584
316,269,585
316,270,586
316,271,587
316,272,588
316,273,589
316,274,590
316,275,591
316,276,592
316,277,593
316,278,594
316,279,595
316,280,596
316,281,597
316,282,598
316,283,599
316,284,600
316,285,601
316,286,602
316,287,603
316,288,604
316,289,605
316,290,606
316,291,607
316,292,608
316,293,609
316,294,610
316,295,611
316,296,612
316,297,613
316,298,614
316,299,615
316,300,616
317,2,319
317,3,320
317,4,321
317,5,322
317,6,323
317,7,324
317,8,325
317,9,326
317,10,327
317,11,328
317,12,329
317,13,330
317,14,331
317,15,332
317,16,333
317,17,334
317,18,335
317,19,336
317,20,337
317,21,338
317,22,339
317,23,340
317,24,341
317,25,342
317,26,343
317,27,344
317,28,345
317,29,346
317,30,347
317,31,348
317,32,349
317,33,350
317,34,351
317,35,352
317,36,353
317,37,354
317,38,355
317,39,356
317,40,357
317,41,358
317,42,359
317,43,360
317,44,361
317,45,362
317,46,363
317,47,364
317,48,365
317,49,366
317,50,367
317,51,368
317,52,369
317,53,370
317,54,371
317,55,372
317,56,373
317,57,374
317,58,375
317,59,376
317,60,377
317,61,378
317,62,379
317,63,380
317,64,381
317,65,382
317,66,383
317,67,384
317,68,385
317,69,386
317,70,387
317,71,388
317,72,389
317,73,390
317,74,391
317,75,392
317,76,393
317,77,394
317,78,395
317,79,396
317,80,397
317,81,398
317,82,399
317,83,400
317,84,401
317,85,402
317,86,403
317,87,404
317,88,405
317,89,406
317,90,407
317,91,408
317,92,409
317,93,410
317,94,411
317,95,412
317,96,413
317,97,414
317,98,415
317,99,416
317,100,417
317,101,418
317,102,419
317,103,420
317,104,421
317,105,422
317,106,423
317,107,424
317,108,425
317,109,426
317,110,427
317,111,428
317,112,429
317,113,430
317,114,431
317,115,432
317,116,433
317,117,434
317,118,435
317,119,436
317,120,437
317,121,438
317,122,439
317,123,440
317,124,441
317,125,442
317,126,443
317,127,444
317,128,445
317,129,446
317,130,447
317,131,448
317,132,449
317,133,450
317,134,451
317,135,452
317,136,453
317,137,454
317,138,455
317,139,456
317,140,457
317,141,458
317,142,459
317,143,460
317,144,461
317,145,462
317,146,463
317,147,464
317,148,465
317,149,466
317,150,467
317,151,468
317,152,469
317,153,470
317,154,471
317,155,472
317,156,473
317,157,474
317,158,475
317,159,476
317,160,477
317,161,478
317,162,479
317,163,480
317,164,481
317,165,482
317,166,483
317,167,484
317,168,485
317,169,486
317,170,487
317,171,488
317,172,489
317,173,490
317,174,491
317,175,492
317,176,493
317,177,494
317,178,495
317,179,496
317,180,497
317,181,498
317,182,499
317,183,500
317,184,501
317,185,502
317,186,503
317,187,504
317,188,505
317,189,506
317,190,507
317,191,508
317,192,509
317,193,510
317,194,511
317,195,512
317,196,513
317,197,514
317,198,515
317,199,516
317,200,517
317,201,518
317,202,519
317,203,520
317,204,521
317,205,522
317,206,523
317,207,524
317,208,525
317,209,526
317,210,527
317,211,528
317,212,529
317,213,530
317,214,531
317,215,532
317,216,533
317,217,534
317,218,535
317,219,536
317,220,537
317,221,538
317,222,539
317,223,540
317,224,541
317,225,542
317,226,543
317,227,544
317,228,545
317,229,546
317,230,547
317,231,548
317,232,549
317,233,550
317,234,551
317,235,552
317,236,553
317,237,554
317,238,555
317,239,556
317,240,557
317,241,558
317,242,559
317,243,560
317,244,561
317,245,562
317,246,563
317,247,564
317,248,565
317,249,566
317,250,567
317,251,568
317,252,569
317,253,570
317,254,571
317,255,572
317,256,573
317,257,574
317,258,575
317,259,576
317,260,577
317,261,578
317,262,579
317,263,580
317,264,581
317,265,582
317,266,583
317,267,584
317,268,585
317,269,586
317,270,587
317,271,588
317,272,589
317,273,590
317,274,591
317,275,592
317,276,593
317,277,594
317,278,595
317,279,596
317,280,597
317,281,598
317,282,599
317,283,600
317,284,601
317,285,602
317,286,603
317,287,604
317,288,605
317,289,606
317,290,607
317,291,608
317,292,609
317,293,610
317,294,611
317,295,612
317,296,613
317,297,614
317,298,615
317,299,616
317,300,617
318,2,320
318,3,321
318,4,322
318,5,323
318,6,324
318,7,325
318,8,326
318,9,327
318,10,328
318,11,329
318,12,330
318,13,331
318,14,332
318,15,333
318,16,334
318,17,335
318,18,336
318,19,337
318,20,338
318,21,339
318,22,340
318,23,341
318,24,342
318,25,343
318,26,344
318,27,345
318,28,346
318,29,347
318,30,348
318,31,349
318,32,350
318,33,351
318,34,352
318,35,353
318,36,354
318,37,355
318,38,356
318,39,357
318,40,358
318,41,359
318,42,360
318,43,361
318,44,362
318,45,363
318,46,364
318,47,365
318,48,366
318,49,367
318,50,368
318,51,369
318,52,370
318,53,371
318,54,372
318,55,373
318,56,374
318,57,375
318,58,376
318,59,377
318,60,378
318,61,379
318,62,380
318,63,381
318,64,382
318,65,383
318,66,384
318,67,385
318,68,386
318,69,387
318,70,388
318,71,389
318,72,390
318,73,391
318,74,392
318,75,393
318,76,394
318,77,395
318,78,396
318,79,397
318,80,398
318,81,399
318,82,400
318,83,401
318,84,402
318,85,403
318,86,404
318,87,405
318,88,406
318,89,407
318,90,408
318,91,409
318,92,410
318,93,411
318,94,412
318,95,413
318,96,414
318,97,415
318,98,416
318,99,417
318,100,418
318,101,419
318,102,420
318,103,421
318,104,422
318,105,423
318,106,424
318,107,425
318,108,426
318,109,427
318,110,428
318,111,429
318,112,430
318,113,431
318,114,432
318,115,433
318,116,434
318,117,435
318,118,436
318,119,437
318,120,438
318,121,439
318,122,440
318,123,441
318,124,442
318,125,443
318,126,444
318,127,445
318,128,446
318,129,447
318,130,448
318,131,449
318,132,450
318,133,451
318,134,452
318,135,453
318,136,454
318,137,455
318,138,456
318,139,457
318,140,458
318,141,459
318,142,460
318,143,461
318,144,462
318,145,463
318,146,464
318,147,465
318,148,466
318,149,467
318,150,468
318,151,469
318,152,470
318,153,471
318,154,472
318,155,473
318,156,474
318,157,475
318,158,476
318,159,477
318,160,478
318,161,479
318,162,480
318,163,481
318,164,482
318,165,483
318,166,484
318,167,485
318,168,486
318,169,487
318,170,488
318,171,489
318,172,490
318,173,491
318,174,492
318,175,493
318,176,494
318,177,495
318,178,496
318,179,497
318,180,498
318,181,499
318,182,500
318,183,501
318,184,502
318,185,503
318,186,504
318,187,505
318,188,506
318,189,507
318,190,508
318,191,509
318,192,510
318,193,511
318,194,512
318,195,513
318,196,514
318,197,515
318,198,516
318,199,517
318,200,518
318,201,519
318,202,520
318,203,521
318,204,522
318,205,523
318,206,524
318,207,525
318,208,526
318,209,527
318,210,528
318,211,529
318,212,530
318,213,531
318,214,532
318,215,533
318,216,534
318,217,535
318,218,536
318,219,537
318,220,538
318,221,539
318,222,540
318,223,541
318,224,542
318,225,543
318,226,544
318,227,545
318,228,546
318,229,547
318,230,548
318,231,549
318,232,550
318,233,551
318,234,552
318,235,553
318,236,554
318,237,555
318,238,556
318,239,557
318,240,558
318,241,559
318,242,560
318,243,561
318,244,562
318,245,563
318,246,564
318,247,565
318,248,566
318,249,567
318,250,568
318,251,569
318,252,570
318,253,571
318,254,572
318,255,573
318,256,574
318,257,575
318,258,576
318,259,577
318,260,578
318,261,579
318,262,580
318,263,581
318,264,582
318,265,583
318,266,584
318,267,585
318,268,586
318,269,587
318,270,588
318,271,589
318,272,590
318,273,591
318,274,592
318,275,593
318,276,594
318,277,595
318,278,596
318,279,597
318,280,598
318,281,599
318,282,600
318,283,601
318,284,602
318,285,603
318,286,604
318,287,605
318,288,606
318,289,607
318,290,608
318,291,609
318,292,610
318,293,611
318,294,612
318,295,613
318,296,614
318,297,615
318,298,616
318,299,617
318,300,618
319,2,321
319,3,322
319,4,323
319,5,324
319,6,325
319,7,326
319,8,327
319,9,328
319,10,329
319,11,330
319,12,331
319,13,332
319,14,333
319,15,334
319,16,335
319,17,336
319,18,337
319,19,338
319,20,339
319,21,340
319,22,341
319,23,342
319,24,343
319,25,344
319,26,345
319,27,346
319,28,347
319,29,348
319,30,349
319,31,350
319,32,351
319,33,352
319,34,353
319,35,354
319,36,355
319,37,356
319,38,357
319,39,358
319,40,359
319,41,360
319,42,361
319,43,362
319,44,363
319,45,364
319,46,365
319,47,366
319,48,367
319,49,368
319,50,369
319,51,370
319,52,371
319,53,372
319,54,373
319,55,374
319,56,375
319,57,376
319,58,377
319,59,378
319,60,379
319,61,380
319,62,381
319,63,382
319,64,383
319,65,384
319,66,385
319,67,386
319,68,387
319,69,388
319,70,389
319,71,390
319,72,391
319,73,392
319,74,393
319,75,394
319,76,395
319,77,396
319,78,397
319,79,398
319,80,399
319,81,400
319,82,401
319,83,402
319,84,403
319,85,404
319,86,405
319,87,406
319,88,407
319,89,408
319,90,409
319,91,410
319,92,411
319,93,412
319,94,413
319,95,414
319,96,415
319,97,416
319,98,417
319,99,418
319,100,419
319,101,420
319,102,421
319,103,422
319,104,423
319,105,424
319,106,425
319,107,426
319,108,427
319,109,428
319,110,429
319,111,430
319,112,431
319,113,432
319,114,433
319,115,434
319,116,435
319,117,436
319,118,437
319,119,438
319,120,439
319,121,440
319,122,441
319,123,442
319,124,443
319,125,444
319,126,445
319,127,446
319,128,447
319,129,448
319,130,449
319,131,450
319,132,451
319,133,452
319,134,453
319,135,454
319,136,455
319,137,456
319,138,457
319,139,458
319,140,459
319,141,460
319,142,461
319,143,462
319,144,463
319,145,464
319,146,465
319,147,466
319,148,467
319,149,468
319,150,469
319,151,470
319,152,471
319,153,472
319,154,473
319,155,474
319,156,475
319,157,476
319,158,477
319,159,478
319,160,479
319,161,480
319,162,481
319,163,482
319,164,483
319,165,484
319,166,485
319,167,486
319,168,487
319,169,488
319,170,489
319,171,490
319,172,491
319,173,492
319,174,493
319,175,494
319,176,495
319,177,496
319,178,497
319,179,498
319,180,499
319,181,500
319,182,501
319,183,502
319,184,503
319,185,504
319,186,505
319,187,506
319,188,507
319,189,508
319,190,509
319,191,510
319,192,511
319,193,512
319,194,513
319,195,514
319,196,515
319,197,516
319,198,517
319,199,518
319,200,519
319,201,520
319,202,521
319,203,522
319,204,523
319,205,524
319,206,525
319,207,526
319,208,527
319,209,528
319,210,529
319,211,530
319,212,531
319,213,532
319,214,533
319,215,534
319,216,535
319,217,536
319,218,537
319,219,538
319,220,539
319,221,540
319,222,541
319,223,542
319,224,543
319,225,544
319,226,545
319,227,546
319,228,547
319,229,548
319,230,549
319,231,550
319,232,551
319,233,552
319,234,553
319,235,554
319,236,555
319,237,556
319,238,557
319,239,558
319,240,559
319,241,560
319,242,561
319,243,562
319,244,563
319,245,564
319,246,565
319,247,566
319,248,567
319,249,568
319,250,569
319,251,570
319,252,571
319,253,572
319,254,573
319,255,574
319,256,575
319,257,576
319,258,577
319,259,578
319,260,579
319,261,580
319,262,581
319,263,582
319,264,583
319,265,584
319,266,585
319,267,586
319,268,587
319,269,588
319,270,589
319,271,590
319,272,591
319,273,592
319,274,593
319,275,594
319,276,595
319,277,596
319,278,597
319,279,598
319,280,599
319,281,600
319,282,601
319,283,602
319,284,603
319,285,604
319,286,605
319,287,606
319,288,607
319,289,608
319,290,609
319,291,610
319,292,611
319,293,612
319,294,613
319,295,614
319,296,615
319,297,616
319,298,617
319,299,618
319,300,619
320,2,322
320,3,323
320,4,324
320,5,325
320,6,326
320,7,327
320,8,328
320,9,329
320,10,330
320,11,331
320,12,332
320,13,333
320,14,334
320,15,335
320,16,336
320,17,337
320,18,338
320,19,339
320,20,340
320,21,341
320,22,342
320,23,343
320,24,344
320,25,345
320,26,346
320,27,347
320,28,348
320,29,349
320,30,350
320,31,351
320,32,352
320,33,353
320,34,354
320,35,355
320,36,356
320,37,357
320,38,358
320,39,359
320,40,360
320,41,361
320,42,362
320,43,363
320,44,364
320,45,365
320,46,366
320,47,367
320,48,368
320,49,369
320,50,370
320,51,371
320,52,372
320,53,373
320,54,374
320,55,375
320,56,376
320,57,377
320,58,378
320,59,379
320,60,380
320,61,381
320,62,382
320,63,383
320,64,384
320,65,385
320,66,386
320,67,387
320,68,388
320,69,389
320,70,390
320,71,391
320,72,392
320,73,393
320,74,394
320,75,395
320,76,396
320,77,397
320,78,398
320,79,399
320,80,400
320,81,401
320,82,402
320,83,403
320,84,404
320,85,405
320,86,406
320,87,407
320,88,408
320,89,409
320,90,410
320,91,411
320,92,412
320,93,413
320,94,414
320,95,415
320,96,416
320,97,417
320,98,418
320,99,419
320,100,420
320,101,421
320,102,422
320,103,423
320,104,424
320,105,425
320,106,426
320,107,427
320,108,428
320,109,429
320,110,430
320,111,431
320,112,432
320,113,433
320,114,434
320,115,435
320,116,436
320,117,437
320,118,438
320,119,439
320,120,440
320,121,441
320,122,442
320,123,443
320,124,444
320,125,445
320,126,446
320,127,447
320,128,448
320,129,449
320,130,450
320,131,451
320,132,452
320,133,453
320,134,454
320,135,455
320,136,456
320,137,457
320,138,458
320,139,459
320,140,460
320,141,461
320,142,462
320,143,463
320,144,464
320,145,465
320,146,466
320,147,467
320,148,468
320,149,469
320,150,470
320,151,471
320,152,472
320,153,473
320,154,474
320,155,475
320,156,476
320,157,477
320,158,478
320,159,479
320,160,480
320,161,481
320,162,482
320,163,483
320,164,484
320,165,485
320,166,486
320,167,487
320,168,488
320,169,489
320,170,490
320,171,491
320,172,492
320,173,493
320,174,494
320,175,495
320,176,496
320,177,497
320,178,498
320,179,499
320,180,500
320,181,501
320,182,502
320,183,503
320,184,504
320,185,505
320,186,506
320,187,507
320,188,508
320,189,509
320,190,510
320,191,511
320,192,512
320,193,513
320,194,514
320,195,515
320,196,516
320,197,517
320,198,518
320,199,519
320,200,520
320,201,521
320,202,522
320,203,523
320,204,524
320,205,525
320,206,526
320,207,527
320,208,528
320,209,529
320,210,530
320,211,531
320,212,532
320,213,533
320,214,534
320,215,535
320,216,536
320,217,537
320,218,538
320,219,539
320,220,540
320,221,541
320,222,542
320,223,543
320,224,544
320,225,545
320,226,546
320,227,547
320,228,548
320,229,549
320,230,550
320,231,551
320,232,552
320,233,553
320,234,554
320,235,555
320,236,556
320,237,557
320,238,558
320,239,559
320,240,560
320,241,561
320,242,562
320,243,563
320,244,564
320,245,565
320,246,566
320,247,567
320,248,568
320,249,569
320,250,570
320,251,571
320,252,572
320,253,573
320,254,574
320,255,575
320,256,576
320,257,577
320,258,578
320,259,579
320,260,580
320,261,581
320,262,582
320,263,583
320,264,584
320,265,585
320,266,586
320,267,587
320,268,588
320,269,589
320,270,590
320,271,591
320,272,592
320,273,593
320,274,594
320,275,595
320,276,596
320,277,597
320,278,598
320,279,599
320,280,600
320,281,601
320,282,602
320,283,603
320,284,604
320,285,605
320,286,606
320,287,607
320,288,608
320,289,609
320,290,610
320,291,611
320,292,612
320,293,613
320,294,614
320,295,615
320,296,616
320,297,617
320,298,618
320,299,619
320,300,620
321,2,323
321,3,324
321,4,325
321,5,326
321,6,327
321,7,328
321,8,329
321,9,330
321,10,331
321,11,332
321,12,333
321,13,334
321,14,335
321,15,336
321,16,337
321,17,338
321,18,339
321,19,340
321,20,341
321,21,342
321,22,343
321,23,344
321,24,345
321,25,346
321,26,347
321,27,348
321,28,349
321,29,350
321,30,351
321,31,352
321,32,353
321,33,354
321,34,355
321,35,356
321,36,357
321,37,358
321,38,359
321,39,360
321,40,361
321,41,362
321,42,363
321,43,364
321,44,365
321,45,366
321,46,367
321,47,368
321,48,369
321,49,370
321,50,371
321,51,372
321,52,373
321,53,374
321,54,375
321,55,376
321,56,377
321,57,378
321,58,379
321,59,380
321,60,381
321,61,382
321,62,383
321,63,384
321,64,385
321,65,386
321,66,387
321,67,388
321,68,389
321,69,390
321,70,391
321,71,392
321,72,393
321,73,394
321,74,395
321,75,396
321,76,397
321,77,398
321,78,399
321,79,400
321,80,401
321,81,402
321,82,403
321,83,404
321,84,405
321,85,406
321,86,407
321,87,408
321,88,409
321,89,410
321,90,411
321,91,412
321,92,413
321,93,414
321,94,415
321,95,416
321,96,417
321,97,418
321,98,419
321,99,420
321,100,421
321,101,422
321,102,423
321,103,424
321,104,425
321,105,426
321,106,427
321,107,428
321,108,429
321,109,430
321,110,431
321,111,432
321,112,433
321,113,434
321,114,435
321,115,436
321,116,437
321,117,438
321,118,439
321,119,440
321,120,441
321,121,442
321,122,443
321,123,444
321,124,445
321,125,446
321,126,447
321,127,448
321,128,449
321,129,450
321,130,451
321,131,452
321,132,453
321,133,454
321,134,455
321,135,456
321,136,457
321,137,458
321,138,459
321,139,460
321,140,461
321,141,462
321,142,463
321,143,464
321,144,465
321,145,466
321,146,467
321,147,468
321,148,469
321,149,470
321,150,471
321,151,472
321,152,473
321,153,474
321,154,475
321,155,476
321,156,477
321,157,478
321,158,479
321,159,480
321,160,481
321,161,482
321,162,483
321,163,484
321,164,485
321,165,486
321,166,487
321,167,488
321,168,489
321,169,490
321,170,491
321,171,492
321,172,493
321,173,494
321,174,495
321,175,496
321,176,497
321,177,498
321,178,499
321,179,500
321,180,501
321,181,502
321,182,503
321,183,504
321,184,505
321,185,506
321,186,507
321,187,508
321,188,509
321,189,510
321,190,511
321,191,512
321,192,513
321,193,514
321,194,515
321,195,516
321,196,517
321,197,518
321,198,519
321,199,520
321,200,521
321,201,522
321,202,523
321,203,524
321,204,525
321,205,526
321,206,527
321,207,528
321,208,529
321,209,530
321,210,531
321,211,532
321,212,533
321,213,534
321,214,535
321,215,536
321,216,537
321,217,538
321,218,539
321,219,540
321,220,541
321,221,542
321,222,543
321,223,544
321,224,545
321,225,546
321,226,547
321,227,548
321,228,549
321,229,550
321,230,551
321,231,552
321,232,553
321,233,554
321,234,555
321,235,556
321,236,557
321,237,558
321,238,559
321,239,560
321,240,561
321,241,562
321,242,563
321,243,564
321,244,565
321,245,566
321,246,567
321,247,568
321,248,569
321,249,570
321,250,571
321,251,572
321,252,573
321,253,574
321,254,575
321,255,576
321,256,577
321,257,578
321,258,579
321,259,580
321,260,581
321,261,582
321,262,583
321,263,584
321,264,585
321,265,586
321,266,587
321,267,588
321,268,589
321,269,590
321,270,591
321,271,592
321,272,593
321,273,594
321,274,595
321,275,596
321,276,597
321,277,598
321,278,599
321,279,600
321,280,601
321,281,602
321,282,603
321,283,604
321,284,605
321,285,606
321,286,607
321,287,608
321,288,609
321,289,610
321,290,611
321,291,612
321,292,613
321,293,614
321,294,615
321,295,616
321,296,617
321,297,618
321,298,619
321,299,620
321,300,621
